Workbook

Sheet kanban
A3: eProcurement Request Item
A4: Vender: | G4: 228746 | H4: Print Date time : | I4: 2026/08/07 | J4: 13:58:26
A5: No. | B5: Kanban No. | C5: Item Code | D5: Item Description | E5: Req. Date | F5: Qty | G5: ETA | H5: Str.Loc | I5: Supply Area | J5: Remark | K5: cek | L5: nama
A6: 1 | B6: 0004573892 | C6: 184314701 | D6: FLAP | E6: 2026/08/06 07:24:22 | F6: 70 | G6: 2026/08/07 10:00:00 | H6: D116 | I6: D11601 | K6: =IF(VLOOKUP(C6,'part c-100%'!$D$7:$E$157,1,0)=FALSE,"100%","100%") -> #N/A | L6: =INDEX('part c-100%'!$AF$7:$AF$155,MATCH(kanban!C6,'part c-100%'!$D$7:$D$155,),) -> #N/A
G7: =SUBTOTAL(9,G6:G6) -> 0 | K7: =IF(VLOOKUP(C7,'part c-100%'!$D$7:$E$157,1,0)=FALSE,"100%","100%") -> #N/A | L7: =INDEX('part c-100%'!$AF$7:$AF$155,MATCH(kanban!C7,'part c-100%'!$D$7:$D$155,),) -> #N/A
A8: 136 | B8: 0004716436 | C8: 190041102 | D8: PAPER GUIDE,SUPPORT,RIGHT B :CH81:IEI | E8: 2026/08/07 09:27:54 | F8: 150 | G8: 2026/08/07 18:27:54 | H8: D116 | I8: D11601 | J8: ADD PLAN IN,ETA 14 JUMAT | K8: =IF(VLOOKUP(C8,'part c-100%'!$D$7:$E$157,1,0)=FALSE,"100%","100%") -> #N/A | L8: =INDEX('part c-100%'!$AF$7:$AF$155,MATCH(kanban!C8,'part c-100%'!$D$7:$D$155,),) -> #N/A
G9: =SUBTOTAL(9,G8:G8) -> 0 | K9: =IF(VLOOKUP(C9,'part c-100%'!$D$7:$E$157,1,0)=FALSE,"100%","100%") -> #N/A | L9: =INDEX('part c-100%'!$AF$7:$AF$155,MATCH(kanban!C9,'part c-100%'!$D$7:$D$155,),) -> #N/A
A10: 137 | B10: 0004716442 | C10: 188654502 | D10: PAPER GUIDE,SUPPORT,LEFT:CH81:IEI | E10: 2026/08/08 09:28:38 | F10: 50 | G10: 2026/08/09 18:28:38 | H10: D116 | I10: D11601 | J10: ADD PLAN IN,ETA 14 JUMAT | K10: =IF(VLOOKUP(C10,'part c-100%'!$D$7:$E$157,1,0)=FALSE,"100%","100%") -> #N/A | L10: =INDEX('part c-100%'!$AF$7:$AF$155,MATCH(kanban!C10,'part c-100%'!$D$7:$D$155,),) -> #N/A
G11: =SUBTOTAL(9,G10:G10) -> 0 | K11: =IF(VLOOKUP(C11,'part c-100%'!$D$7:$E$157,1,0)=FALSE,"100%","100%") -> #N/A | L11: =INDEX('part c-100%'!$AF$7:$AF$155,MATCH(kanban!C11,'part c-100%'!$D$7:$D$155,),) -> #N/A
A12: 80 | B12: 0004181582 | C12: 191723200 | D12: HOLDER,MANUAL;B | E12: 2026/08/09 07:21:22 | F12: 56 | G12: 2026/08/07 21:00:00 | H12: D116 | I12: D11601 | K12: =IF(VLOOKUP(C12,'part c-100%'!$D$7:$E$157,1,0)=FALSE,"100%","100%") -> 100% | L12: =INDEX('part c-100%'!$AF$7:$AF$155,MATCH(kanban!C12,'part c-100%'!$D$7:$D$155,),) -> FIKRI
G13: =SUBTOTAL(9,G12:G12) -> 0 | K13: =IF(VLOOKUP(C13,'part c-100%'!$D$7:$E$157,1,0)=FALSE,"100%","100%") -> #N/A | L13: =INDEX('part c-100%'!$AF$7:$AF$155,MATCH(kanban!C13,'part c-100%'!$D$7:$D$155,),) -> #N/A
A14: 7 | B14: 0002727261 | C14: 176412000 | D14: COVER,HOUSING,INK EJECT | E14: 2026/08/07 07:20:30 | F14: 50 | G14: 2026/08/07 23:00:00 | H14: D114 | I14: D11401 | K14: =IF(VLOOKUP(C14,'part c-100%'!$D$7:$E$157,1,0)=FALSE,"100%","100%") -> #N/A | L14: =INDEX('part c-100%'!$AF$7:$AF$155,MATCH(kanban!C14,'part c-100%'!$D$7:$D$155,),) -> #N/A
A15: 9 | B15: 0002822643 | C15: 176421901 | D15: COVER,INK EJECT | E15: 2026/08/07 07:20:30 | F15: 1800 | G15: 2026/08/07 23:00:00 | H15: D114 | I15: D11401 | K15: =IF(VLOOKUP(C15,'part c-100%'!$D$7:$E$157,1,0)=FALSE,"100%","100%") -> #N/A | L15: =INDEX('part c-100%'!$AF$7:$AF$155,MATCH(kanban!C15,'part c-100%'!$D$7:$D$155,),) -> #N/A
A16: 10 | B16: 0003841225 | C16: 173336001 | D16: COVER,HOUSING,INK EJECT | E16: 2026/08/07 07:20:30 | F16: 2376 | G16: 2026/08/07 23:00:00 | H16: D114 | I16: D11401 | K16: =IF(VLOOKUP(C16,'part c-100%'!$D$7:$E$157,1,0)=FALSE,"100%","100%") -> 100% | L16: =INDEX('part c-100%'!$AF$7:$AF$155,MATCH(kanban!C16,'part c-100%'!$D$7:$D$155,),) -> WULAN
A17: 11 | B17: 0003668316 | C17: 176412101 | D17: HOLDER,CABLE,CSIC,INK EJECT | E17: 2026/08/07 07:20:30 | F17: 2150 | G17: 2026/08/07 23:00:00 | H17: D114 | I17: D11401 | K17: =IF(VLOOKUP(C17,'part c-100%'!$D$7:$E$157,1,0)=FALSE,"100%","100%") -> #N/A | L17: =INDEX('part c-100%'!$AF$7:$AF$155,MATCH(kanban!C17,'part c-100%'!$D$7:$D$155,),) -> #N/A
A18: 14 | B18: 0002882366 | C18: 176591801 | D18: COVER,INK EJECT;B | E18: 2026/08/07 07:20:31 | F18: 2100 | G18: 2026/08/07 23:00:00 | H18: D114 | I18: D11401 | K18: =IF(VLOOKUP(C18,'part c-100%'!$D$7:$E$157,1,0)=FALSE,"100%","100%") -> #N/A | L18: =INDEX('part c-100%'!$AF$7:$AF$155,MATCH(kanban!C18,'part c-100%'!$D$7:$D$155,),) -> #N/A
A19: 22 | B19: 0003357352 | C19: 182996301 | D19: HOUSING,PANEL,UPPER | E19: 2026/08/07 07:20:31 | F19: 600 | G19: 2026/08/07 23:00:00 | H19: D114 | I19: D11401 | K19: =IF(VLOOKUP(C19,'part c-100%'!$D$7:$E$157,1,0)=FALSE,"100%","100%") -> 100% | L19: =INDEX('part c-100%'!$AF$7:$AF$155,MATCH(kanban!C19,'part c-100%'!$D$7:$D$155,),) -> WULAN
A20: 24 | B20: 0003226287 | C20: 182996401 | D20: HOUSING,PANEL,LOWER | E20: 2026/08/07 07:20:31 | F20: 600 | G20: 2026/08/07 23:00:00 | H20: D114 | I20: D11401A | K20: =IF(VLOOKUP(C20,'part c-100%'!$D$7:$E$157,1,0)=FALSE,"100%","100%") -> 100% | L20: =INDEX('part c-100%'!$AF$7:$AF$155,MATCH(kanban!C20,'part c-100%'!$D$7:$D$155,),) -> FINASI
A21: 26 | B21: 0003955217 | C21: 180642201 | D21: CASE,MCB,F;AA | E21: 2026/08/07 07:20:31 | F21: 30 | G21: 2026/08/07 23:00:00 | H21: D114 | I21: D11401 | K21: =IF(VLOOKUP(C21,'part c-100%'!$D$7:$E$157,1,0)=FALSE,"100%","100%") -> 100% | L21: =INDEX('part c-100%'!$AF$7:$AF$155,MATCH(kanban!C21,'part c-100%'!$D$7:$D$155,),) -> WULAN
A22: 29 | B22: 0004030798 | C22: 188889702 | D22: HOUSING,UPPER,FRONT | E22: 2026/08/07 07:20:32 | F22: 120 | G22: 2026/08/07 23:00:00 | H22: D114 | I22: D11401 | K22: =IF(VLOOKUP(C22,'part c-100%'!$D$7:$E$157,1,0)=FALSE,"100%","100%") -> #N/A | L22: =INDEX('part c-100%'!$AF$7:$AF$155,MATCH(kanban!C22,'part c-100%'!$D$7:$D$155,),) -> #N/A
A23: 30 | B23: 0004461675 | C23: 192456700 | D23: LENS | E23: 2026/08/07 07:20:32 | F23: 3000 | G23: 2026/08/07 23:00:00 | H23: D114 | I23: D11401B | K23: =IF(VLOOKUP(C23,'part c-100%'!$D$7:$E$157,1,0)=FALSE,"100%","100%") -> #N/A | L23: =INDEX('part c-100%'!$AF$7:$AF$155,MATCH(kanban!C23,'part c-100%'!$D$7:$D$155,),) -> #N/A
A24: 32 | B24: 0004559878 | C24: 1A4328500 | D24: COVER,INK EJECT;C | E24: 2026/08/07 07:20:32 | F24: 2800 | G24: 2026/08/07 23:00:00 | H24: D114 | I24: D11401 | K24: =IF(VLOOKUP(C24,'part c-100%'!$D$7:$E$157,1,0)=FALSE,"100%","100%") -> #N/A | L24: =INDEX('part c-100%'!$AF$7:$AF$155,MATCH(kanban!C24,'part c-100%'!$D$7:$D$155,),) -> #N/A
A25: 35 | B25: 0004181854 | C25: 191723200 | D25: HOLDER,MANUAL;B | E25: 2026/08/07 07:20:32 | F25: 56 | G25: 2026/08/07 23:00:00 | H25: D114 | I25: D11401 | K25: =IF(VLOOKUP(C25,'part c-100%'!$D$7:$E$157,1,0)=FALSE,"100%","100%") -> 100% | L25: =INDEX('part c-100%'!$AF$7:$AF$155,MATCH(kanban!C25,'part c-100%'!$D$7:$D$155,),) -> FIKRI
... A27: 144 | B27: 0002727264 | C27: 176412000 | D27: COVER,HOUSING,INK EJECT | E27: 2026/08/07 13:16:40 | F27: 150 | G27: 2026/08/07 23:00:00 | H27: D114 | I27: D11401 | K27: =IF(VLOOKUP(C27,'part c-100%'!$D$7:$E$157,1,0)=FALSE,"100%","100%") -> #N/A | L27: =INDEX('part c-100%'!$AF$7:$AF$155,MATCH(kanban!C27,'part c-100%'!$D$7:$D$155,),) -> #N/A
G28: =SUBTOTAL(9,G14:G27) -> 0 | K28: =IF(VLOOKUP(C28,'part c-100%'!$D$7:$E$157,1,0)=FALSE,"100%","100%") -> #N/A | L28: =INDEX('part c-100%'!$AF$7:$AF$155,MATCH(kanban!C28,'part c-100%'!$D$7:$D$155,),) -> #N/A
A29: 2 | B29: 0002727262 | C29: 176412000 | D29: COVER,HOUSING,INK EJECT | E29: 2026/08/07 07:20:30 | F29: 700 | G29: 2026/08/10 09:00:00 | H29: D114 | I29: D11401 | K29: =IF(VLOOKUP(C29,'part c-100%'!$D$7:$E$157,1,0)=FALSE,"100%","100%") -> #N/A | L29: =INDEX('part c-100%'!$AF$7:$AF$155,MATCH(kanban!C29,'part c-100%'!$D$7:$D$155,),) -> #N/A
A30: 3 | B30: 0002822644 | C30: 176421901 | D30: COVER,INK EJECT | E30: 2026/08/07 07:20:30 | F30: 200 | G30: 2026/08/10 09:00:00 | H30: D114 | I30: D11401 | K30: =IF(VLOOKUP(C30,'part c-100%'!$D$7:$E$157,1,0)=FALSE,"100%","100%") -> #N/A | L30: =INDEX('part c-100%'!$AF$7:$AF$155,MATCH(kanban!C30,'part c-100%'!$D$7:$D$155,),) -> #N/A
A31: 5 | B31: 0003668319 | C31: 176412101 | D31: HOLDER,CABLE,CSIC,INK EJECT | E31: 2026/08/07 07:20:30 | F31: 1700 | G31: 2026/08/10 09:00:00 | H31: D114 | I31: D11401 | K31: =IF(VLOOKUP(C31,'part c-100%'!$D$7:$E$157,1,0)=FALSE,"100%","100%") -> #N/A | L31: =INDEX('part c-100%'!$AF$7:$AF$155,MATCH(kanban!C31,'part c-100%'!$D$7:$D$155,),) -> #N/A
A32: 12 | B32: 0003841226 | C32: 173336001 | D32: COVER,HOUSING,INK EJECT | E32: 2026/08/07 07:20:30 | F32: 1056 | G32: 2026/08/10 09:00:00 | H32: D114 | I32: D11401 | K32: =IF(VLOOKUP(C32,'part c-100%'!$D$7:$E$157,1,0)=FALSE,"100%","100%") -> 100% | L32: =INDEX('part c-100%'!$AF$7:$AF$155,MATCH(kanban!C32,'part c-100%'!$D$7:$D$155,),) -> WULAN
A33: 13 | B33: 0003955147 | C33: 180641801 | D33: CASE,REAR,F;AA | E33: 2026/08/07 07:20:31 | F33: 20 | G33: 2026/08/10 09:00:00 | H33: D114 | I33: D11401 | K33: =IF(VLOOKUP(C33,'part c-100%'!$D$7:$E$157,1,0)=FALSE,"100%","100%") -> #N/A | L33: =INDEX('part c-100%'!$AF$7:$AF$155,MATCH(kanban!C33,'part c-100%'!$D$7:$D$155,),) -> #N/A
A34: 15 | B34: 0003357354 | C34: 182996301 | D34: HOUSING,PANEL,UPPER | E34: 2026/08/07 07:20:31 | F34: 200 | G34: 2026/08/10 09:00:00 | H34: D114 | I34: D11401 | K34: =IF(VLOOKUP(C34,'part c-100%'!$D$7:$E$157,1,0)=FALSE,"100%","100%") -> 100% | L34: =INDEX('part c-100%'!$AF$7:$AF$155,MATCH(kanban!C34,'part c-100%'!$D$7:$D$155,),) -> WULAN
A35: 18 | B35: 0002882367 | C35: 176591801 | D35: COVER,INK EJECT;B | E35: 2026/08/07 07:20:31 | F35: 1300 | G35: 2026/08/10 09:00:00 | H35: D114 | I35: D11401 | K35: =IF(VLOOKUP(C35,'part c-100%'!$D$7:$E$157,1,0)=FALSE,"100%","100%") -> #N/A | L35: =INDEX('part c-100%'!$AF$7:$AF$155,MATCH(kanban!C35,'part c-100%'!$D$7:$D$155,),) -> #N/A
A36: 20 | B36: 0003955157 | C36: 180634300 | D36: COVER,SUB,F | E36: 2026/08/07 07:20:31 | F36: 120 | G36: 2026/08/10 09:00:00 | H36: D114 | I36: D11401 | J36: PAST(URGENT) | K36: =IF(VLOOKUP(C36,'part c-100%'!$D$7:$E$157,1,0)=FALSE,"100%","100%") -> #N/A | L36: =INDEX('part c-100%'!$AF$7:$AF$155,MATCH(kanban!C36,'part c-100%'!$D$7:$D$155,),) -> #N/A
A37: 25 | B37: 0003226291 | C37: 182996401 | D37: HOUSING,PANEL,LOWER | E37: 2026/08/07 07:20:31 | F37: 200 | G37: 2026/08/10 09:00:00 | H37: D114 | I37: D11401A | K37: =IF(VLOOKUP(C37,'part c-100%'!$D$7:$E$157,1,0)=FALSE,"100%","100%") -> 100% | L37: =INDEX('part c-100%'!$AF$7:$AF$155,MATCH(kanban!C37,'part c-100%'!$D$7:$D$155,),) -> FINASI
A38: 28 | B38: 0004532906 | C38: 1A4211100 | D38: HOUSING LOWER RIGHT ASSY;B;CL73;IEI | E38: 2026/08/07 07:20:32 | F38: 84 | G38: 2026/08/10 09:00:00 | H38: D114 | I38: D11401 | K38: =IF(VLOOKUP(C38,'part c-100%'!$D$7:$E$157,1,0)=FALSE,"100%","100%") -> #N/A | L38: =INDEX('part c-100%'!$AF$7:$AF$155,MATCH(kanban!C38,'part c-100%'!$D$7:$D$155,),) -> #N/A
A39: 31 | B39: 0004318776 | C39: 174617201 | D39: HOUSING,FRONT,RIGHT | E39: 2026/08/07 07:20:32 | F39: 1710 | G39: 2026/08/10 09:00:00 | H39: D114 | I39: D11401A | K39: =IF(VLOOKUP(C39,'part c-100%'!$D$7:$E$157,1,0)=FALSE,"100%","100%") -> 100% | L39: =INDEX('part c-100%'!$AF$7:$AF$155,MATCH(kanban!C39,'part c-100%'!$D$7:$D$155,),) -> ANGGIT
A40: 34 | B40: 0004461683 | C40: 192456700 | D40: LENS | E40: 2026/08/07 07:20:32 | F40: 600 | G40: 2026/08/10 09:00:00 | H40: D114 | I40: D11401B | K40: =IF(VLOOKUP(C40,'part c-100%'!$D$7:$E$157,1,0)=FALSE,"100%","100%") -> #N/A | L40: =INDEX('part c-100%'!$AF$7:$AF$155,MATCH(kanban!C40,'part c-100%'!$D$7:$D$155,),) -> #N/A
A41: 36 | B41: 0004559879 | C41: 1A4328500 | D41: COVER,INK EJECT;C | E41: 2026/08/07 07:20:32 | F41: 1200 | G41: 2026/08/10 09:00:00 | H41: D114 | I41: D11401 | K41: =IF(VLOOKUP(C41,'part c-100%'!$D$7:$E$157,1,0)=FALSE,"100%","100%") -> #N/A | L41: =INDEX('part c-100%'!$AF$7:$AF$155,MATCH(kanban!C41,'part c-100%'!$D$7:$D$155,),) -> #N/A
A42: 38 | B42: 0004030799 | C42: 188889702 | D42: HOUSING,UPPER,FRONT | E42: 2026/08/07 07:20:32 | F42: 360 | G42: 2026/08/10 09:00:00 | H42: D114 | I42: D11401 | K42: =IF(VLOOKUP(C42,'part c-100%'!$D$7:$E$157,1,0)=FALSE,"100%","100%") -> #N/A | L42: =INDEX('part c-100%'!$AF$7:$AF$155,MATCH(kanban!C42,'part c-100%'!$D$7:$D$155,),) -> #N/A
A43: 50 | B43: 0003618632 | C43: 180690502 | D43: TRAY,ASSIST | E43: 2026/08/07 07:20:33 | F43: 56 | G43: 2026/08/10 09:00:00 | H43: D114 | I43: D11401 | K43: =IF(VLOOKUP(C43,'part c-100%'!$D$7:$E$157,1,0)=FALSE,"100%","100%") -> 100% | L43: =INDEX('part c-100%'!$AF$7:$AF$155,MATCH(kanban!C43,'part c-100%'!$D$7:$D$155,),) -> FIKRI
A44: 51 | B44: 0003618692 | C44: 180917802 | D44: COLOR BLOCK,IH,BS | E44: 2026/08/07 07:20:34 | F44: 50 | G44: 2026/08/10 09:00:00 | H44: D114 | I44: D11401 | K44: =IF(VLOOKUP(C44,'part c-100%'!$D$7:$E$157,1,0)=FALSE,"100%","100%") -> 100% | L44: =INDEX('part c-100%'!$AF$7:$AF$155,MATCH(kanban!C44,'part c-100%'!$D$7:$D$155,),) -> ZAHWA
A45: 52 | B45: 0002939032 | C45: 179554201 | D45: LOCK,CR | E45: 2026/08/07 07:20:34 | F45: 1000 | G45: 2026/08/10 09:00:00 | H45: D114 | I45: D11401 | K45: =IF(VLOOKUP(C45,'part c-100%'!$D$7:$E$157,1,0)=FALSE,"100%","100%") -> #N/A | L45: =INDEX('part c-100%'!$AF$7:$AF$155,MATCH(kanban!C45,'part c-100%'!$D$7:$D$155,),) -> #N/A
A46: 53 | B46: 0003618681 | C46: 180917702 | D46: COLOR BLOCK,IH,AN | E46: 2026/08/07 07:20:34 | F46: 50 | G46: 2026/08/10 09:00:00 | H46: D114 | I46: D11401 | K46: =IF(VLOOKUP(C46,'part c-100%'!$D$7:$E$157,1,0)=FALSE,"100%","100%") -> 100% | L46: =INDEX('part c-100%'!$AF$7:$AF$155,MATCH(kanban!C46,'part c-100%'!$D$7:$D$155,),) -> ZAHWA
A47: 55 | B47: 0003618661 | C47: 180774100 | D47: HOLDER,INK,DETECTION | E47: 2026/08/07 07:20:34 | F47: 300 | G47: 2026/08/10 09:00:00 | H47: D114 | I47: D11401 | K47: =IF(VLOOKUP(C47,'part c-100%'!$D$7:$E$157,1,0)=FALSE,"100%","100%") -> 100% | L47: =INDEX('part c-100%'!$AF$7:$AF$155,MATCH(kanban!C47,'part c-100%'!$D$7:$D$155,),) -> AMELIA
A48: 56 | B48: 0003370231 | C48: 171792001 | D48: COVER,CR | E48: 2026/08/07 07:20:34 | F48: 5544 | G48: 2026/08/10 09:00:00 | H48: D114 | I48: D11401 | K48: =IF(VLOOKUP(C48,'part c-100%'!$D$7:$E$157,1,0)=FALSE,"100%","100%") -> #N/A | L48: =INDEX('part c-100%'!$AF$7:$AF$155,MATCH(kanban!C48,'part c-100%'!$D$7:$D$155,),) -> #N/A
... A65: 74 | B65: 0004265067 | C65: 193929600 | D65: DECORATION PLATE,FRONT;B | E65: 2026/08/07 07:20:35 | F65: 72 | G65: 2026/08/10 09:00:00 | H65: D114 | I65: D11401 | K65: =IF(VLOOKUP(C65,'part c-100%'!$D$7:$E$157,1,0)=FALSE,"100%","100%") -> #N/A | L65: =INDEX('part c-100%'!$AF$7:$AF$155,MATCH(kanban!C65,'part c-100%'!$D$7:$D$155,),) -> #N/A
A66: 75 | B66: 0003618571 | C66: 180674403 | D66: COSMETIC PLATE,PANEL | E66: 2026/08/07 07:20:35 | F66: 160 | G66: 2026/08/10 09:00:00 | H66: D114 | I66: D11401 | J66: PAST(URGENT) | K66: =IF(VLOOKUP(C66,'part c-100%'!$D$7:$E$157,1,0)=FALSE,"100%","100%") -> 100% | L66: =INDEX('part c-100%'!$AF$7:$AF$155,MATCH(kanban!C66,'part c-100%'!$D$7:$D$155,),) -> ANNA
A67: 107 | B67: 0002899333 | C67: 179840401 | D67: HOUSING,RASF,HOME;B | E67: 2026/08/07 07:21:36 | F67: 180 | G67: 2026/08/10 09:00:00 | H67: D120 | I67: D12001 | K67: =IF(VLOOKUP(C67,'part c-100%'!$D$7:$E$157,1,0)=FALSE,"100%","100%") -> #N/A | L67: =INDEX('part c-100%'!$AF$7:$AF$155,MATCH(kanban!C67,'part c-100%'!$D$7:$D$155,),) -> #N/A
A68: 113 | B68: 0003461675 | C68: 161294200 | D68: COVER,CRCM | E68: 2026/08/07 07:21:37 | F68: 50 | G68: 2026/08/10 09:00:00 | H68: D120 | I68: D12001 | K68: =IF(VLOOKUP(C68,'part c-100%'!$D$7:$E$157,1,0)=FALSE,"100%","100%") -> 100% | L68: =INDEX('part c-100%'!$AF$7:$AF$155,MATCH(kanban!C68,'part c-100%'!$D$7:$D$155,),) -> AMELIA
A69: 114 | B69: 0003735508 | C69: 186691800 | D69: COVER,GEAR,UPPER,DUP | E69: 2026/08/07 07:21:37 | F69: 120 | G69: 2026/08/10 09:00:00 | H69: D120 | I69: D12001A | K69: =IF(VLOOKUP(C69,'part c-100%'!$D$7:$E$157,1,0)=FALSE,"100%","100%") -> #N/A | L69: =INDEX('part c-100%'!$AF$7:$AF$155,MATCH(kanban!C69,'part c-100%'!$D$7:$D$155,),) -> #N/A
A70: 116 | B70: 0004220157 | C70: 191718100 | D70: HOUSING,REAR,LEFT,ADF;B | E70: 2026/08/07 07:21:37 | F70: 90 | G70: 2026/08/10 09:00:00 | H70: D120 | I70: D12001A | K70: =IF(VLOOKUP(C70,'part c-100%'!$D$7:$E$157,1,0)=FALSE,"100%","100%") -> #N/A | L70: =INDEX('part c-100%'!$AF$7:$AF$155,MATCH(kanban!C70,'part c-100%'!$D$7:$D$155,),) -> #N/A
A71: 117 | B71: 0004220167 | C71: 191718200 | D71: HOUSING,REAR,RIGHT,ADF;B | E71: 2026/08/07 07:21:37 | F71: 90 | G71: 2026/08/10 09:00:00 | H71: D120 | I71: D12001A | K71: =IF(VLOOKUP(C71,'part c-100%'!$D$7:$E$157,1,0)=FALSE,"100%","100%") -> #N/A | L71: =INDEX('part c-100%'!$AF$7:$AF$155,MATCH(kanban!C71,'part c-100%'!$D$7:$D$155,),) -> #N/A
A72: 118 | B72: 0003725290 | C72: 186281203 | D72: HOUSING,MOISTURIZER,LOWER | E72: 2026/08/07 07:21:37 | F72: 96 | G72: 2026/08/10 09:00:00 | H72: D120 | I72: D12001 | K72: =IF(VLOOKUP(C72,'part c-100%'!$D$7:$E$157,1,0)=FALSE,"100%","100%") -> 100% | L72: =INDEX('part c-100%'!$AF$7:$AF$155,MATCH(kanban!C72,'part c-100%'!$D$7:$D$155,),) -> ANNA
A73: 119 | B73: 0004275416 | C73: 177266100 | D73: HOLDER,BUFFER | E73: 2026/08/07 07:21:37 | F73: 5000 | G73: 2026/08/10 09:00:00 | H73: D120 | I73: D12001B | K73: =IF(VLOOKUP(C73,'part c-100%'!$D$7:$E$157,1,0)=FALSE,"100%","100%") -> 100% | L73: =INDEX('part c-100%'!$AF$7:$AF$155,MATCH(kanban!C73,'part c-100%'!$D$7:$D$155,),) -> AMELIA
A74: 120 | B74: 0003835187 | C74: 186739302 | D74: COVER,CLEANER,LOWER,BU | E74: 2026/08/07 07:21:37 | F74: 84 | G74: 2026/08/10 09:00:00 | H74: D120 | I74: D12001 | K74: =IF(VLOOKUP(C74,'part c-100%'!$D$7:$E$157,1,0)=FALSE,"100%","100%") -> #N/A | L74: =INDEX('part c-100%'!$AF$7:$AF$155,MATCH(kanban!C74,'part c-100%'!$D$7:$D$155,),) -> #N/A
A75: 121 | B75: 0003725308 | C75: 186286001 | D75: FRAME,HOLDER,INK EJECT,IE | E75: 2026/08/07 07:21:37 | F75: 60 | G75: 2026/08/10 09:00:00 | H75: D120 | I75: D12001 | K75: =IF(VLOOKUP(C75,'part c-100%'!$D$7:$E$157,1,0)=FALSE,"100%","100%") -> 100% | L75: =INDEX('part c-100%'!$AF$7:$AF$155,MATCH(kanban!C75,'part c-100%'!$D$7:$D$155,),) -> WULAN
A76: 122 | B76: 0004168011 | C76: 186263702 | D76: HOUSING,BOTTLE HOLDER,ICH | E76: 2026/08/07 07:21:37 | F76: 96 | G76: 2026/08/10 09:00:00 | H76: D120 | I76: D12001 | K76: =IF(VLOOKUP(C76,'part c-100%'!$D$7:$E$157,1,0)=FALSE,"100%","100%") -> 100% | L76: =INDEX('part c-100%'!$AF$7:$AF$155,MATCH(kanban!C76,'part c-100%'!$D$7:$D$155,),) -> RAJA
A77: 124 | B77: 0003725306 | C77: 186286001 | D77: FRAME,HOLDER,INK EJECT,IE | E77: 2026/08/07 07:21:37 | F77: 60 | G77: 2026/08/10 09:00:00 | H77: D120 | I77: D12001 | J77: PAST(URGENT) | K77: =IF(VLOOKUP(C77,'part c-100%'!$D$7:$E$157,1,0)=FALSE,"100%","100%") -> 100% | L77: =INDEX('part c-100%'!$AF$7:$AF$155,MATCH(kanban!C77,'part c-100%'!$D$7:$D$155,),) -> WULAN
A78: 125 | B78: 0003598001 | C78: 186717100 | D78: DUCT,HEAD,EXHAUST,FR | E78: 2026/08/07 07:21:37 | F78: 96 | G78: 2026/08/10 09:00:00 | H78: D120 | I78: D12001 | K78: =IF(VLOOKUP(C78,'part c-100%'!$D$7:$E$157,1,0)=FALSE,"100%","100%") -> #N/A | L78: =INDEX('part c-100%'!$AF$7:$AF$155,MATCH(kanban!C78,'part c-100%'!$D$7:$D$155,),) -> #N/A
A79: 126 | B79: 0004221981 | C79: 191716600 | D79: COVER,INNER;B | E79: 2026/08/07 07:21:37 | F79: 50 | G79: 2026/08/10 09:00:00 | H79: D120 | I79: D12001B | K79: =IF(VLOOKUP(C79,'part c-100%'!$D$7:$E$157,1,0)=FALSE,"100%","100%") -> 100% | L79: =INDEX('part c-100%'!$AF$7:$AF$155,MATCH(kanban!C79,'part c-100%'!$D$7:$D$155,),) -> BAHAR
A80: 127 | B80: 0003725282 | C80: 186266502 | D80: HOLDER,BOARD,DETECT,MD | E80: 2026/08/07 07:21:37 | F80: 200 | G80: 2026/08/10 09:00:00 | H80: D120 | I80: D12001 | K80: =IF(VLOOKUP(C80,'part c-100%'!$D$7:$E$157,1,0)=FALSE,"100%","100%") -> 100% | L80: =INDEX('part c-100%'!$AF$7:$AF$155,MATCH(kanban!C80,'part c-100%'!$D$7:$D$155,),) -> ZAHWA
A81: 128 | B81: 0004265976 | C81: 195733700 | D81: PAPER SUPPORT,UPPER,MPT;B,PL | E81: 2026/08/07 07:21:38 | F81: 50 | G81: 2026/08/10 09:00:00 | H81: D120 | I81: D12001 | K81: =IF(VLOOKUP(C81,'part c-100%'!$D$7:$E$157,1,0)=FALSE,"100%","100%") -> 100% | L81: =INDEX('part c-100%'!$AF$7:$AF$155,MATCH(kanban!C81,'part c-100%'!$D$7:$D$155,),) -> WULAN
A82: 129 | B82: 0004115995 | C82: 193599200 | D82: LOCK,TRAY;B | E82: 2026/08/07 07:21:38 | F82: 800 | G82: 2026/08/10 09:00:00 | H82: D120 | I82: D12001 | K82: =IF(VLOOKUP(C82,'part c-100%'!$D$7:$E$157,1,0)=FALSE,"100%","100%") -> #N/A | L82: =INDEX('part c-100%'!$AF$7:$AF$155,MATCH(kanban!C82,'part c-100%'!$D$7:$D$155,),) -> #N/A
A83: 130 | B83: 0003735500 | C83: 186757600 | D83: GUIDE,SHAFT,ROLLER,DRIVEN,WEB,BCL | E83: 2026/08/07 07:21:38 | F83: 100 | G83: 2026/08/10 09:00:00 | H83: D120 | I83: D12001A | K83: =IF(VLOOKUP(C83,'part c-100%'!$D$7:$E$157,1,0)=FALSE,"100%","100%") -> 100% | L83: =INDEX('part c-100%'!$AF$7:$AF$155,MATCH(kanban!C83,'part c-100%'!$D$7:$D$155,),) -> ANNA
A84: 131 | B84: 0003735493 | C84: 186778900 | D84: PAPER GUIDE,FRONT,ASF | E84: 2026/08/07 07:21:38 | F84: 200 | G84: 2026/08/10 09:00:00 | H84: D120 | I84: D12001A | K84: =IF(VLOOKUP(C84,'part c-100%'!$D$7:$E$157,1,0)=FALSE,"100%","100%") -> 100% | L84: =INDEX('part c-100%'!$AF$7:$AF$155,MATCH(kanban!C84,'part c-100%'!$D$7:$D$155,),) -> AMELIA
A85: 132 | B85: 0003813854 | C85: 186792002 | D85: COVER,SENSOR,FRONT,STACKER | E85: 2026/08/07 07:21:38 | F85: 60 | G85: 2026/08/10 09:00:00 | H85: D120 | I85: D12001 | K85: =IF(VLOOKUP(C85,'part c-100%'!$D$7:$E$157,1,0)=FALSE,"100%","100%") -> #N/A | L85: =INDEX('part c-100%'!$AF$7:$AF$155,MATCH(kanban!C85,'part c-100%'!$D$7:$D$155,),) -> #N/A
A86: 133 | B86: 0004147541 | C86: 193599100 | D86: LOCK,TRAY;B | E86: 2026/08/07 07:21:38 | F86: 2700 | G86: 2026/08/10 09:00:00 | H86: D120 | I86: D12001 | K86: =IF(VLOOKUP(C86,'part c-100%'!$D$7:$E$157,1,0)=FALSE,"100%","100%") -> #N/A | L86: =INDEX('part c-100%'!$AF$7:$AF$155,MATCH(kanban!C86,'part c-100%'!$D$7:$D$155,),) -> #N/A
A87: 134 | B87: 0003725338 | C87: 186778701 | D87: MOUNTING PLATE,PAPER GUDIE,FRONT,ASF | E87: 2026/08/07 07:21:38 | F87: 150 | G87: 2026/08/10 09:00:00 | H87: D120 | I87: D12001 | K87: =IF(VLOOKUP(C87,'part c-100%'!$D$7:$E$157,1,0)=FALSE,"100%","100%") -> 100% | L87: =INDEX('part c-100%'!$AF$7:$AF$155,MATCH(kanban!C87,'part c-100%'!$D$7:$D$155,),) -> AMELIA
A88: 135 | B88: 0003813853 | C88: 186792002 | D88: COVER,SENSOR,FRONT,STACKER | E88: 2026/08/07 07:21:38 | F88: 60 | G88: 2026/08/10 09:00:00 | H88: D120 | I88: D12001 | J88: PAST(URGENT) | K88: =IF(VLOOKUP(C88,'part c-100%'!$D$7:$E$157,1,0)=FALSE,"100%","100%") -> #N/A | L88: =INDEX('part c-100%'!$AF$7:$AF$155,MATCH(kanban!C88,'part c-100%'!$D$7:$D$155,),) -> #N/A
A89: 138 | B89: 0003471704 | C89: 179340302 | D89: GUIDE,TUBE,UPPER | E89: 2026/08/07 13:16:35 | F89: 240 | G89: 2026/08/10 09:00:00 | H89: D120 | I89: D12001 | J89: PAST(URGENT) | K89: =IF(VLOOKUP(C89,'part c-100%'!$D$7:$E$157,1,0)=FALSE,"100%","100%") -> #N/A | L89: =INDEX('part c-100%'!$AF$7:$AF$155,MATCH(kanban!C89,'part c-100%'!$D$7:$D$155,),) -> #N/A
A90: 143 | B90: 0002727265 | C90: 176412000 | D90: COVER,HOUSING,INK EJECT | E90: 2026/08/07 13:16:40 | F90: 750 | G90: 2026/08/10 09:00:00 | H90: D114 | I90: D11401 | K90: =IF(VLOOKUP(C90,'part c-100%'!$D$7:$E$157,1,0)=FALSE,"100%","100%") -> #N/A | L90: =INDEX('part c-100%'!$AF$7:$AF$155,MATCH(kanban!C90,'part c-100%'!$D$7:$D$155,),) -> #N/A
A91: 146 | B91: 0003618601 | C91: 180681800 | D91: STACKER,SUB,FRONT | E91: 2026/08/07 13:16:41 | F91: 150 | G91: 2026/08/10 09:00:00 | H91: D114 | I91: D11401 | J91: PAST(URGENT) | K91: =IF(VLOOKUP(C91,'part c-100%'!$D$7:$E$157,1,0)=FALSE,"100%","100%") -> #N/A | L91: =INDEX('part c-100%'!$AF$7:$AF$155,MATCH(kanban!C91,'part c-100%'!$D$7:$D$155,),) -> #N/A
A92: 153 | B92: 0004009083 | C92: 191353100 | D92: HOUSING,REAR,RIGHT;RABSK | E92: 2026/08/07 13:16:42 | F92: 21 | G92: 2026/08/10 09:00:00 | H92: D114 | I92: D11401 | J92: PAST(URGENT) | K92: =IF(VLOOKUP(C92,'part c-100%'!$D$7:$E$157,1,0)=FALSE,"100%","100%") -> #N/A | L92: =INDEX('part c-100%'!$AF$7:$AF$155,MATCH(kanban!C92,'part c-100%'!$D$7:$D$155,),) -> #N/A
G93: =SUBTOTAL(9,G29:G92) -> 0 | K93: =IF(VLOOKUP(C93,'part c-100%'!$D$7:$E$157,1,0)=FALSE,"100%","100%") -> #N/A | L93: =INDEX('part c-100%'!$AF$7:$AF$155,MATCH(kanban!C93,'part c-100%'!$D$7:$D$155,),) -> #N/A
A94: 76 | B94: 0003059148 | C94: 180328600 | D94: HOLDER,ENC,ALD | E94: 2026/08/07 07:21:22 | F94: 50 | G94: 2026/08/10 10:00:00 | H94: D116 | I94: D11601 | J94: PAST(URGENT) | K94: =IF(VLOOKUP(C94,'part c-100%'!$D$7:$E$157,1,0)=FALSE,"100%","100%") -> 100% | L94: =INDEX('part c-100%'!$AF$7:$AF$155,MATCH(kanban!C94,'part c-100%'!$D$7:$D$155,),) -> AMELIA
A95: 77 | B95: 0003658023 | C95: 187315100 | D95: PAPER GUIDE,ROLL,JUNCTION,12 | E95: 2026/08/07 07:21:22 | F95: 14 | G95: 2026/08/10 10:00:00 | H95: D116 | I95: D11601 | K95: =IF(VLOOKUP(C95,'part c-100%'!$D$7:$E$157,1,0)=FALSE,"100%","100%") -> 100% | L95: =INDEX('part c-100%'!$AF$7:$AF$155,MATCH(kanban!C95,'part c-100%'!$D$7:$D$155,),) -> ANGGIT
A96: 78 | B96: 0004166966 | C96: 169023401 | D96: COVER,UPPER,HINGE,RIGHT;B | E96: 2026/08/07 07:21:22 | F96: 2200 | G96: 2026/08/10 10:00:00 | H96: D116 | I96: D11601 | K96: =IF(VLOOKUP(C96,'part c-100%'!$D$7:$E$157,1,0)=FALSE,"100%","100%") -> 100% | L96: =INDEX('part c-100%'!$AF$7:$AF$155,MATCH(kanban!C96,'part c-100%'!$D$7:$D$155,),) -> ANNA
A97: 79 | B97: 0004167549 | C97: 169023501 | D97: COVER,UPPER,HINGE,LEFT;B | E97: 2026/08/07 07:21:22 | F97: 1800 | G97: 2026/08/10 10:00:00 | H97: D116 | I97: D11601 | K97: =IF(VLOOKUP(C97,'part c-100%'!$D$7:$E$157,1,0)=FALSE,"100%","100%") -> 100% | L97: =INDEX('part c-100%'!$AF$7:$AF$155,MATCH(kanban!C97,'part c-100%'!$D$7:$D$155,),) -> ANNA
A98: 81 | B98: 0003065347 | C98: 180937101 | D98: HAND,GRIP,MU2 | E98: 2026/08/07 07:21:22 | F98: 48 | G98: 2026/08/10 10:00:00 | H98: D116 | I98: D11601 | J98: PAST(URGENT) | K98: =IF(VLOOKUP(C98,'part c-100%'!$D$7:$E$157,1,0)=FALSE,"100%","100%") -> #N/A | L98: =INDEX('part c-100%'!$AF$7:$AF$155,MATCH(kanban!C98,'part c-100%'!$D$7:$D$155,),) -> #N/A
A99: 82 | B99: 0002415197 | C99: 173514900 | D99: PAPER GUIDE,UPPER,ROLL,SUB | E99: 2026/08/07 07:21:22 | F99: 28 | G99: 2026/08/10 10:00:00 | H99: D116 | I99: D11601 | J99: PAST(URGENT) | K99: =IF(VLOOKUP(C99,'part c-100%'!$D$7:$E$157,1,0)=FALSE,"100%","100%") -> 100% | L99: =INDEX('part c-100%'!$AF$7:$AF$155,MATCH(kanban!C99,'part c-100%'!$D$7:$D$155,),) -> BAHAR
A100: 83 | B100: 0003545358 | C100: 184494903 | D100: COVER,JOINT,DRAWER,LEFT | E100: 2026/08/07 07:21:23 | F100: 50 | G100: 2026/08/10 10:00:00 | H100: D116 | I100: D11601 | J100: PAST(URGENT) | K100: =IF(VLOOKUP(C100,'part c-100%'!$D$7:$E$157,1,0)=FALSE,"100%","100%") -> #N/A | L100: =INDEX('part c-100%'!$AF$7:$AF$155,MATCH(kanban!C100,'part c-100%'!$D$7:$D$155,),) -> #N/A
A101: 84 | B101: 0004430500 | C101: 180323501 | D101: COVER,CIS,LOWER | E101: 2026/08/07 07:21:24 | F101: 16 | G101: 2026/08/10 10:00:00 | H101: D116 | I101: D11601C | K101: =IF(VLOOKUP(C101,'part c-100%'!$D$7:$E$157,1,0)=FALSE,"100%","100%") -> #N/A | L101: =INDEX('part c-100%'!$AF$7:$AF$155,MATCH(kanban!C101,'part c-100%'!$D$7:$D$155,),) -> #N/A
A102: 85 | B102: 0004430373 | C102: 180322902 | D102: COVER,CIS,UPPER | E102: 2026/08/07 07:21:24 | F102: 56 | G102: 2026/08/10 10:00:00 | H102: D116 | I102: D11601C | K102: =IF(VLOOKUP(C102,'part c-100%'!$D$7:$E$157,1,0)=FALSE,"100%","100%") -> #N/A | L102: =INDEX('part c-100%'!$AF$7:$AF$155,MATCH(kanban!C102,'part c-100%'!$D$7:$D$155,),) -> #N/A
A103: 86 | B103: 0004367317 | C103: 195669100 | D103: HOLDER,MPT,BRAKE,RESIST,PF | E103: 2026/08/07 07:21:24 | F103: 10 | G103: 2026/08/10 10:00:00 | H103: D116 | I103: D11601A | K103: =IF(VLOOKUP(C103,'part c-100%'!$D$7:$E$157,1,0)=FALSE,"100%","100%") -> #N/A | L103: =INDEX('part c-100%'!$AF$7:$AF$155,MATCH(kanban!C103,'part c-100%'!$D$7:$D$155,),) -> #N/A
A104: 87 | B104: 0004482902 | C104: 195679500 | D104: PAPERGUIDE,PWD,MPT | E104: 2026/08/07 07:21:24 | F104: 56 | G104: 2026/08/10 10:00:00 | H104: D116 | I104: D11601 | J104: PAST(URGENT) | K104: =IF(VLOOKUP(C104,'part c-100%'!$D$7:$E$157,1,0)=FALSE,"100%","100%") -> #N/A | L104: =INDEX('part c-100%'!$AF$7:$AF$155,MATCH(kanban!C104,'part c-100%'!$D$7:$D$155,),) -> #N/A
A105: 88 | B105: 0004152950 | C105: 157571800 | D105: GUIDE,HINGE | E105: 2026/08/07 07:21:24 | F105: 100 | G105: 2026/08/10 10:00:00 | H105: D116 | I105: D11601 | K105: =IF(VLOOKUP(C105,'part c-100%'!$D$7:$E$157,1,0)=FALSE,"100%","100%") -> #N/A | L105: =INDEX('part c-100%'!$AF$7:$AF$155,MATCH(kanban!C105,'part c-100%'!$D$7:$D$155,),) -> #N/A
A106: 89 | B106: 0003720164 | C106: 186778900 | D106: PAPER GUIDE,FRONT,ASF | E106: 2026/08/07 07:21:24 | F106: 100 | G106: 2026/08/10 10:00:00 | H106: D116 | I106: D11601 | K106: =IF(VLOOKUP(C106,'part c-100%'!$D$7:$E$157,1,0)=FALSE,"100%","100%") -> 100% | L106: =INDEX('part c-100%'!$AF$7:$AF$155,MATCH(kanban!C106,'part c-100%'!$D$7:$D$155,),) -> AMELIA
A107: 90 | B107: 0004368109 | C107: 195688400 | D107: COVER,PAPER GUIDE,SB,UPPER,EJ | E107: 2026/08/07 07:21:24 | F107: 10 | G107: 2026/08/10 10:00:00 | H107: D116 | I107: D11601A | J107: PAST(URGENT) | K107: =IF(VLOOKUP(C107,'part c-100%'!$D$7:$E$157,1,0)=FALSE,"100%","100%") -> #N/A | L107: =INDEX('part c-100%'!$AF$7:$AF$155,MATCH(kanban!C107,'part c-100%'!$D$7:$D$155,),) -> #N/A
A108: 91 | B108: 0003720157 | C108: 186778701 | D108: MOUNTING PLATE,PAPER GUDIE,FRONT,ASF | E108: 2026/08/07 07:21:24 | F108: 100 | G108: 2026/08/10 10:00:00 | H108: D116 | I108: D11601 | K108: =IF(VLOOKUP(C108,'part c-100%'!$D$7:$E$157,1,0)=FALSE,"100%","100%") -> 100% | L108: =INDEX('part c-100%'!$AF$7:$AF$155,MATCH(kanban!C108,'part c-100%'!$D$7:$D$155,),) -> AMELIA
A109: 92 | B109: 0003352170 | C109: 184314700 | D109: FLAP | E109: 2026/08/07 07:21:24 | F109: 720 | G109: 2026/08/10 10:00:00 | H109: D116 | I109: D11601 | K109: =IF(VLOOKUP(C109,'part c-100%'!$D$7:$E$157,1,0)=FALSE,"100%","100%") -> #N/A | L109: =INDEX('part c-100%'!$AF$7:$AF$155,MATCH(kanban!C109,'part c-100%'!$D$7:$D$155,),) -> #N/A
A110: 93 | B110: 0004481157 | C110: 195717301 | D110: HOLDER,HARNESS | E110: 2026/08/07 07:21:24 | F110: 10 | G110: 2026/08/10 10:00:00 | H110: D116 | I110: D11601 | J110: PAST(URGENT) | K110: =IF(VLOOKUP(C110,'part c-100%'!$D$7:$E$157,1,0)=FALSE,"100%","100%") -> #N/A | L110: =INDEX('part c-100%'!$AF$7:$AF$155,MATCH(kanban!C110,'part c-100%'!$D$7:$D$155,),) -> #N/A
A111: 94 | B111: 0004369903 | C111: 195724100 | D111: DUCT,FAN | E111: 2026/08/07 07:21:25 | F111: 20 | G111: 2026/08/10 10:00:00 | H111: D116 | I111: D11601A | J111: PAST(URGENT) | K111: =IF(VLOOKUP(C111,'part c-100%'!$D$7:$E$157,1,0)=FALSE,"100%","100%") -> #N/A | L111: =INDEX('part c-100%'!$AF$7:$AF$155,MATCH(kanban!C111,'part c-100%'!$D$7:$D$155,),) -> #N/A
A112: 95 | B112: 0004369898 | C112: 195724000 | D112: DUCT,HEAD,BASE,RIGHT | E112: 2026/08/07 07:21:25 | F112: 10 | G112: 2026/08/10 10:00:00 | H112: D116 | I112: D11601A | K112: =IF(VLOOKUP(C112,'part c-100%'!$D$7:$E$157,1,0)=FALSE,"100%","100%") -> #N/A | L112: =INDEX('part c-100%'!$AF$7:$AF$155,MATCH(kanban!C112,'part c-100%'!$D$7:$D$155,),) -> #N/A
A113: 96 | B113: 0004481277 | C113: 195720801 | D113: CLEAR COVER,I/C | E113: 2026/08/07 07:21:25 | F113: 4 | G113: 2026/08/10 10:00:00 | H113: D116 | I113: D11601 | K113: =IF(VLOOKUP(C113,'part c-100%'!$D$7:$E$157,1,0)=FALSE,"100%","100%") -> #N/A | L113: =INDEX('part c-100%'!$AF$7:$AF$155,MATCH(kanban!C113,'part c-100%'!$D$7:$D$155,),) -> #N/A
A114: 97 | B114: 0004369855 | C114: 195723300 | D114: COVER,WIFI | E114: 2026/08/07 07:21:25 | F114: 10 | G114: 2026/08/10 10:00:00 | H114: D116 | I114: D11601A | J114: PAST(URGENT) | K114: =IF(VLOOKUP(C114,'part c-100%'!$D$7:$E$157,1,0)=FALSE,"100%","100%") -> #N/A | L114: =INDEX('part c-100%'!$AF$7:$AF$155,MATCH(kanban!C114,'part c-100%'!$D$7:$D$155,),) -> #N/A
A115: 98 | B115: 0004481158 | C115: 195717301 | D115: HOLDER,HARNESS | E115: 2026/08/07 07:21:25 | F115: 20 | G115: 2026/08/10 10:00:00 | H115: D116 | I115: D11601 | K115: =IF(VLOOKUP(C115,'part c-100%'!$D$7:$E$157,1,0)=FALSE,"100%","100%") -> #N/A | L115: =INDEX('part c-100%'!$AF$7:$AF$155,MATCH(kanban!C115,'part c-100%'!$D$7:$D$155,),) -> #N/A
A116: 99 | B116: 0004369893 | C116: 195723900 | D116: DUCT,HEAD,BASE,LEFT | E116: 2026/08/07 07:21:25 | F116: 10 | G116: 2026/08/10 10:00:00 | H116: D116 | I116: D11601A | K116: =IF(VLOOKUP(C116,'part c-100%'!$D$7:$E$157,1,0)=FALSE,"100%","100%") -> #N/A | L116: =INDEX('part c-100%'!$AF$7:$AF$155,MATCH(kanban!C116,'part c-100%'!$D$7:$D$155,),) -> #N/A
A117: 100 | B117: 0004481276 | C117: 195720801 | D117: CLEAR COVER,I/C | E117: 2026/08/07 07:21:25 | F117: 30 | G117: 2026/08/10 10:00:00 | H117: D116 | I117: D11601 | J117: PAST(URGENT) | K117: =IF(VLOOKUP(C117,'part c-100%'!$D$7:$E$157,1,0)=FALSE,"100%","100%") -> #N/A | L117: =INDEX('part c-100%'!$AF$7:$AF$155,MATCH(kanban!C117,'part c-100%'!$D$7:$D$155,),) -> #N/A
A118: 101 | B118: 0004369819 | C118: 195722700 | D118: COVER,FFC,PANLE | E118: 2026/08/07 07:21:25 | F118: 30 | G118: 2026/08/10 10:00:00 | H118: D116 | I118: D11601A | J118: PAST(URGENT) | K118: =IF(VLOOKUP(C118,'part c-100%'!$D$7:$E$157,1,0)=FALSE,"100%","100%") -> #N/A | L118: =INDEX('part c-100%'!$AF$7:$AF$155,MATCH(kanban!C118,'part c-100%'!$D$7:$D$155,),) -> #N/A
A119: 102 | B119: 0004369891 | C119: 195723900 | D119: DUCT,HEAD,BASE,LEFT | E119: 2026/08/07 07:21:25 | F119: 10 | G119: 2026/08/10 10:00:00 | H119: D116 | I119: D11601A | J119: PAST(URGENT) | K119: =IF(VLOOKUP(C119,'part c-100%'!$D$7:$E$157,1,0)=FALSE,"100%","100%") -> #N/A | L119: =INDEX('part c-100%'!$AF$7:$AF$155,MATCH(kanban!C119,'part c-100%'!$D$7:$D$155,),) -> #N/A
...

Sheet part c-100%
A1: QA.DEPARTMENT
A2: OQC INJECTION
A4: PART GUARANTEE VISUAL C-100% - IEI
A6: NO | B6: MODEL | C6: PART NAME | D6: PART NO | E6: CAUSE | F6: 1 | G6: 2 | H6: 3 | I6: 4 | J6: 5 | K6: 6 | L6: 7 | M6: 8 | N6: 9 | O6: 10 | P6: 11 | Q6: 12 | R6: 13 | S6: 14 | T6: 15 | U6: 16 | V6: 17 | W6: 18 | X6: 19 | Y6: 20 | Z6: 21 | AA6: 22 | AB6: 23 | AC6: 24 | AD6: 25 | AE6: 26 | AF6: OQC | AG6: 27 | AH6: 28 | AI6: 29 | AJ6: 30 | AK6: 1 | AL6: 2 | AM6: 3 | AN6: 4 | AO6: 6 | AP6: 7 | AQ6: 8 | AR6: 9 | AS6: 10 | AT6: 11 | AU6: 13
A7: 1 | B7: GROW | C7: FLAP,BF | D7: 186813501 | E7: Flash | AF7: ANGGIT
A8: 2 | B8: GROW | C8: COVER,RIGHT,BF | D8: 186816601 | E8: Flash | AF8: BAHAR | AI8: S2 | AL8: S1 | AP8: S2
A9: 3 | B9: GROW | C9: HOLDER,MANUAL;B | D9: 191723200 | E9: Dirty | AF9: FIKRI | AK9: S1 | AL9: S1 | AM9: S1 | AO9: S1 | AP9: S3 | AR9: S1 | AS9: S2 | AU9: S1
A10: 4 | B10: GROW | C10: MOUNTING PLATE,PAPER GUIDE,FRONT,ASF | D10: 186778701 | E10: Mixpart | AF10: AMELIA | AI10: S1 | AJ10: S1 | AK10: S1 | AL10: S1 | AM10: S1 | AO10: S1 | AP10: S2 | AS10: S2 | AU10: S1
A11: 5 | B11: GROW | C11: PAPER GUIDE,FRONT,ASF | D11: 186778900 | E11: Mixpart | AF11: AMELIA | AI11: S1 | AJ11: S1 | AK11: S1 | AL11: S1 | AM11: S1 | AO11: S1 | AP11: S2 | AS11: S1 | AU11: S1
A12: 6 | B12: GROW | C12: PAPER GUIDE,EJ,LOWER,OIF | D12: 187385503 | E12: Flash | AF12: BAHAR | AI12: S3 | AJ12: S3 | AK12: S1 | AO12: S1 | AU12: S1
A13: 7 | B13: GROW | C13: PAPER GUIDE,EJ,UPPER,OIF | D13: 187385602 | E13: Flash | AF13: BAHAR | AJ13: S3 | AR13: S1
A14: 8 | B14: GROW | C14: HOLDER,BOARD,DETECT,MD | D14: 186266502 | E14: Short Mold | AF14: ZAHWA | AI14: S3 | AK14: S1 | AL14: S1 | AM14: S1 | AO14: S1 | AP14: S1 | AR14: S2 | AS14: S2 | AU14: S1
A15: 9 | B15: GROW | C15: HOUSING,BOTTLE HOLDER,ICH | D15: 186263702 | E15: Flash | AF15: RAJA | AI15: S1 | AJ15: S3 | AK15: S2 | AL15: S2 | AM15: S1 | AO15: S1 | AP15: S1 | AR15: S2 | AS15: S2 | AU15: S1
A16: 10 | B16: GROW | C16: FRAME,HOLDER,INK EJECT,IE | D16: 186286001 | E16: Short Mold | AF16: WULAN | AI16: S1 | AK16: S3 | AL16: S2 | AM16: S2 | AO16: S1 | AP16: S1 | AR16: S2 | AS16: S2 | AU16: S1
A17: 11 | B17: GROW | C17: PAPER GUIDE,MIDDLE,MPT | D17: 186759802 | E17: Short Mold | AF17: FINASI | AI17: S1 | AJ17: S3 | AK17: S3 | AL17: S2 | AM17: S2 | AO17: S1 | AP17: S1 | AR17: S1 | AS17: S2 | AU17: S1
A18: 12 | B18: GROW | C18: COVER,MIDDLE,STACKER | D18: 186792101 | E18: Flash | AF18: BAHAR | AG18: S3 | AI18: S1 | AJ18: S1 | AK18: S2 | AL18: S2 | AM18: S2 | AO18: S1 | AP18: S2 | AR18: S2 | AS18: S2 | AU18: S1
A19: 13 | B19: GROW | C19: GUIDE,SHAFT,ROLLER,DRIVEN,WEB,BCL | D19: 186757600 | E19: Short Mold | AF19: ANNA | AI19: S2 | AK19: S3 | AL19: S1 | AM19: S1 | AP19: S1 | AR19: S1 | AS19: S1
A20: 14 | B20: GROW | C20: COVER,RIGHT,BF | D20: 186816600 | E20: Flash | AF20: BAHAR | AP20: S2
A21: 15 | B21: GROW | C21: FLAP,BF | D21: 186813501 | E21: Flash
A22: 16 | B22: GROW | C22: GUIDE,HEAD,FRONT,HM | D22: 186653403 | E22: Broken | AF22: WULAN | AG22: S3 | AI22: S1 | AK22: S2 | AL22: S2 | AM22: S2 | AO22: S1 | AP22: S1 | AR22: S1 | AS22: S1 | AU22: S1
A23: 17 | B23: GROW | C23: HOUSING,MOISTURIZER,LOWER | D23: 186281203 | E23: Oily | AF23: ANNA | AG23: S3 | AI23: S3 | AK23: S3 | AL23: S2 | AM23: S2 | AO23: S3 | AP23: S3 | AS23: S1 | AU23: S3
A24: 18 | B24: HIROSHIGE | C24: COVER,TOP | D24: 187460004 | E24: Flash | AF24: WULAN
A25: 19 | B25: HIROSHIGE | C25: COVER,TOP;B | D25: 189323103 | E25: Flash | AF25: WULAN
A26: 20 | B26: HIROSHIGE | C26: COVER,TOP;C | D26: 191575100 | E26: Flash | AF26: FINASI | AO26: S1 | AU26: S1
A27: 21 | B27: HIROSHIGE | C27: COVER,DOOR | D27: 187460503 | E27: Broken | AF27: BAHAR | AL27: S1 | AS27: S1
A28: 22 | B28: HIROSHIGE | C28: COVER,BOTTOM | D28: 187308400 | E28: Scratch | AF28: BAHAR | AK28: S1
A29: 23 | B29: HIROSHIGE | C29: HOLDER,COVER,PRINTER | D29: 187805500 | E29: Flash | AF29: BAHAR | AL29: S1 | AM29: S2 | AP29: S2
A30: 24 | B30: HIROSHIGE | C30: HOLDER,COVER,PRINTER | D30: 184328905 | E30: Flash | AF30: ANNA | AI30: S1 | AJ30: S1 | AK30: S3 | AL30: S1 | AM30: S2 | AO30: S1 | AP30: S3 | AR30: S1 | AU30: S1
A31: 25 | B31: HIROSHIGE | C31: PAPER GUIDE,SUPPORT,12,A | D31: 187311900 | E31: Warpage | AF31: ZAHWA | AP31: S1 | AQ31: S1
A32: 26 | B32: HIROSHIGE | C32: HOUSING,FRONT,LEFT | D32: 184495509 | E32: Flash | AF32: BAHAR | AG32: S1 | AI32: S3 | AJ32: S3 | AK32: S3 | AL32: S1 | AM32: S2 | AP32: S1
A33: 27 | B33: HIROSHIGE | C33: HOUSING,FRONT,RIGHT | D33: 184495603 | E33: Flash | AF33: FINASI | AG33: S2 | AI33: S1 | AJ33: S2
A34: 28 | B34: HIROSHIGE | C34: HOUSING,FRONT,LEFT | D34: 184495507 | E34: Flash | AL34: S1
A35: 29 | B35: HIROSHIGE | C35: HOLDER,FRONT,RIGHT | D35: 184498304 | E35: Flash | AF35: FIKRI
A36: 30 | B36: HIROSHIGE | C36: COVER,LOCK,SPINDLE,HOME | D36: 184432201 | E36: Under Cut | AF36: FINASI
A37: 31 | B37: HIROSHIGE | C37: COVER,LOCK,SPINDLE,FULL | D37: 184432303 | E37: Under Cut | AF37: FINASI | AL37: S1
A38: 32 | B38: HIROSHIGE | C38: TRAY,INK PACK | D38: 187393603 | E38: Twisting | AF38: FIKRI | AI38: S1 | AO38: S2 | AP38: S2 | AU38: S2
A39: 33 | B39: HIROSHIGE | C39: HOLDER,IH,LOWER,GJ | D39: 183834905 | E39: Short Mold | AF39: WULAN | AO39: S2 | AU39: S2
A40: 34 | B40: HIROSHIGE | C40: HOLDER,IH,LOWER,GW | D40: 184553805 | E40: Short Mold | AF40: AMEL | AM40: S2
A41: 35 | B41: HIROSHIGE | C41: HOLDER,IH,LOWER,RW | D41: 184553905 | E41: Short Mold | AF41: FIKRI | AG41: S3 | AK41: S1 | AR41: S1
A42: 36 | B42: HIROSHIGE | C42: HOLDER,IH,LOWER,RJ | D42: 184553705 | E42: Short Mold | AF42: ANNA | AQ42: S1
A43: 37 | B43: HIROSHIGE | C43: PAPER GUIDE,ROLL,INSIDE,12 | D43: 187315200 | E43: Flash | AF43: BAHAR
A44: 38 | B44: HIROSHIGE | C44: PAPER GUIDE,ROLL,INSIDE,12,RECYCLE | D44: 190038800 | E44: Flash | AF44: RAJA | AM44: S2 | AO44: S3 | AU44: S3
A45: 39 | B45: HIROSHIGE | C45: HOLDER,FRONT,RIGHT,RECYCLE | D45: 188912801 | E45: Flash | AF45: FIKRI | AI45: S1 | AJ45: S1 | AK45: S3 | AL45: S2 | AM45: S2 | AO45: S2 | AU45: S2
A46: 40 | B46: HIROSHIGE | C46: PAPER GUIDE,ROLL,JUNCTION,12 | D46: 187315100 | E46: Flash | AF46: ANGGIT | AR46: S1
A47: 41 | B47: HIROSHIGE | C47: PAPER GUIDE,ROLL,ENTRANCE,UPPER,12 | D47: 187314901 | E47: Contamination | AF47: ANGGIT | AI47: S2
A48: 42 | B48: HIROSHIGE | C48: GUTTER,INK,EJECT,24 | D48: 187312501 | E48: Dirty | AF48: ANGGIT
A49: 43 | B49: HIROSHIGE | C49: HOUSING,REAR,D | D49: 185192003 | E49: Abnormal Shape | AF49: ANNA | AJ49: S3 | AO49: S1 | AU49: S1
A50: 44 | B50: HIROSHIGE | C50: HOUSING,REAR,E | D50: 185192102 | E50: Broken | AF50: WULAN | AL50: S1 | AM50: S1
A51: 45 | B51: HIROSHIGE | C51: FLAP,EJ,24 | D51: 184409603 | E51: Flash | AF51: ANGGIT | AO51: S1 | AU51: S1
A52: 46 | B52: HIROSHIGE | C52: COVER,FFC,CR,20 | D52: 184371801 | E52: Short Mold | AF52: FINASI | AJ52: S2
A53: 47 | B53: HIROSHIGE | C53: PULLEY,MIDDLE,SPACER | D53: 184323801 | E53: Flash | AF53: BAGAS | AI53: S2 | AL53: S3 | AM53: S2 | AP53: S2
A54: 48 | B54: HIROSHIGE | C54: GUIDE,CAP,KEEP,HIR | D54: 185926400 | E54: Texture | AF54: WULAN | AO54: S1 | AP54: S1 | AR54: S1 | AU54: S1
A55: 49 | B55: HIROSHIGE | C55: HOUSING,TOP,FRONT,CENTER | D55: 184376403 | E55: Oily | AF55: BAGAS | AJ55: S3
A56: 50 | B56: EPIC | C56: FLANGE,LEFT | D56: 173665702 | E56: Hair Mark | AF56: BAHAR | AI56: S3 | AL56: S2 | AO56: S3 | AP56: S1 | AR56: S1 | AU56: S3
A57: 51 | B57: EPIC | C57: FLANGE,RIGHT | D57: 173665602 | E57: Hair Mark | AF57: FIKRI | AG57: S2 | AL57: S2 | AO57: S2 | AU57: S2
A58: 52 | B58: EPIC | C58: PAPER GUIDE,UPPER,ROLL,SUB | D58: 173514900 | E58: Flash | AF58: BAHAR | AI58: S1 | AJ58: S3 | AK58: S1 | AL58: S2 | AM58: S2 | AO58: S2 | AP58: S2 | AR58: S1 | AU58: S2
A59: 53 | B59: EPIC | C59: PAPER GUIDE,UPPER,ROLL | D59: 173514801 | E59: Flash | AF59: FIKRI | AI59: S1 | AL59: S3 | AM59: S2 | AO59: S3 | AP59: S2 | AR59: S1 | AU59: S3
A60: 54 | B60: EPIC | C60: COVER,SIDE,STAND,INNER,RIGHT | D60: 173920804 | E60: Scratch | AJ60: S1
A61: 55 | B61: EPIC | C61: COVER,SIDE,STAND,INNER,LEFT | D61: 173920704 | E61: Scratch
A62: 56 | B62: EPIC | C62: COVER,SIDE,STAND,OUTER | D62: 173786101 | E62: Scratch | AJ62: S1
A63: 57 | B63: EPIC | C63: GUTTER, INK EJECT | D63: 173592402 | E63: Dirty | AF63: BAGAS
A64: 58 | B64: SUSHI | C64: COVER,UPPER,HINJI,LEFT | D64: 166702400 | E64: Mixpart
A65: 59 | B65: SUSHI | C65: COVER,UPPER,HINJI,RIGHT | D65: 166702300 | E65: Mixpart
A66: 60 | B66: SUSHI | C66: COVER,UPPER,HINJI,LEFT;B | D66: 169023500 | E66: Mixpart
A67: 61 | B67: SUSHI | C67: COVER,UPPER,HINJI,RIGHT;B | D67: 169023400 | E67: Mixpart
A68: 62 | B68: SUSHI | C68: COVER,UPPER,HINGE,RIGHT;C | D68: 193635801 | E68: Mixpart | AF68: ANNA | AL68: S2 | AR68: S1
A69: 63 | B69: SUSHI | C69: COVER,UPPER,HINGE,LEFT;C | D69: 193635901 | E69: Mixpart | AF69: ANNA | AL69: S2 | AR69: S1
A70: 64 | B70: SUSHI | C70: COVER,UPPER,HINGE,LEFT | D70: 166702401 | E70: Mixpart | AF70: ANNA | AI70: S2 | AJ70: S1 | AK70: S3 | AL70: S1 | AM70: S2 | AO70: S1 | AP70: S1 | AR70: S2 | AU70: S1
A71: 65 | B71: SUSHI | C71: COVER,UPPER,HINGE,RIGHT | D71: 166702301 | E71: Mixpart | AF71: ANNA | AI71: S2 | AJ71: S1 | AK71: S3 | AL71: S1 | AM71: S2 | AO71: S1 | AP71: S2 | AR71: S2 | AU71: S1
A72: 66 | B72: SUSHI | C72: COVER,UPPER,HINGE,LEFT;B | D72: 169023501 | E72: Mixpart | AF72: ANNA | AI72: S1,S3 | AK72: S3 | AL72: S1 | AM72: S1 | AO72: S1 | AP72: S2 | AR72: S1 | AS72: S1 | AU72: S1
A73: 67 | B73: SUSHI | C73: COVER,UPPER,HINGE,RIGHT;B | D73: 169023401 | E73: Mixpart | AF73: ANNA | AI73: S1 | AJ73: S3 | AK73: S3 | AL73: S1 | AM73: S2 | AO73: S2 | AP73: S2 | AR73: S2 | AS73: S1 | AU73: S2
A74: 68 | B74: GLEE | C74: COVER,REAR,ADF;B | D74: 190946700 | E74: Dirty
A75: 69 | B75: GLEE | C75: COVER,FRONT,ADF;B | D75: 190946600 | E75: Dirty
A76: 70 | B76: GLEE | C76: COVER,HARNESS,FRONT,PANEL CUT,BU | D76: 190119001 | E76: Flash | AF76: ZAHWA | AI76: S3 | AL76: S2 | AR76: S1
A77: 71 | B77: GLEE | C77: PAPER SUPPORT,MPT | D77: 190338701 | E77: Dirty | AF77: FINASI | AP77: S2
A78: 72 | B78: GLEE | C78: PAPER SUPPORT,UPPER,MPT,PL | D78: 191571400 | E78: Dirty | AF78: WULAN | AG78: S3 | AI78: S2 | AP78: S1
A79: 73 | B79: GLEE | C79: PAPER SUPPORT,MPT;B | D79: 193926600 | E79: Dirty | AF79: ANNA | AI79: S2 | AK79: S2 | AP79: S2
A80: 74 | B80: GLEE | C80: PAPER SUPPORT,UPPER,MPT;B,PL, | D80: 195733700 | E80: Crack | AF80: WULAN | AI80: S3 | AR80: S1
A81: 75 | B81: HOKUSAI | C81: COLOR BLOCK,IH,QF | D81: 180919302 | E81: Mixpart | AF81: ZAHWA | AI81: S2 | AJ81: S2 | AK81: S1 | AL81: S1 | AM81: S1 | AO81: S2 | AR81: S1 | AS81: S1 | AU81: S2
A82: 76 | B82: HOKUSAI | C82: COLOR BLOCK,IH,PJ | D82: 180919202 | E82: Mixpart | AF82: ZAHWA | AI82: S1 | AJ82: S2 | AK82: S1 | AL82: S1 | AM82: S1 | AO82: S2 | AP82: S1 | AR82: S1 | AS82: S1 | AU82: S2
A83: 77 | B83: HOKUSAI | C83: COLOR BLOCK,IH,OH | D83: 180919102 | E83: Mixpart | AF83: ZAHWA | AJ83: S2 | AK83: S1 | AL83: S1 | AR83: S1 | AS83: S1
A84: 78 | B84: HOKUSAI | C84: COLOR BLOCK,IH,NA | D84: 180919002 | E84: Mixpart | AF84: ZAHWA | AJ84: S2 | AL84: S1 | AR84: S1 | AS84: S1
A85: 79 | B85: HOKUSAI | C85: COLOR BLOCK,IH,MG | D85: 180918902 | E85: Mixpart | AF85: ZAHWA | AJ85: S2 | AK85: S1 | AL85: S1 | AS85: S1
A86: 80 | B86: HOKUSAI | C86: COLOR BLOCK,IH,LI | D86: 180918802 | E86: Mixpart | AF86: ZAHWA | AJ86: S2 | AK86: S1 | AL86: S1 | AP86: S1 | AS86: S1
A87: 81 | B87: HOKUSAI | C87: COLOR BLOCK,IH,KD | D87: 180918702 | E87: Mixpart | AF87: ZAHWA | AJ87: S2 | AK87: S1 | AL87: S1 | AM87: S1 | AO87: S2 | AP87: S1 | AS87: S1 | AU87: S2
A88: 82 | B88: HOKUSAI | C88: COLOR BLOCK,IH,JO | D88: 180918602 | E88: Mixpart | AF88: ZAHWA | AI88: S1 | AJ88: S1 | AK88: S1 | AL88: S1 | AM88: S1 | AO88: S1 | AS88: S1 | AU88: S1
A89: 83 | B89: HOKUSAI | C89: COLOR BLOCK,IH,IL | D89: 180918502 | E89: Mixpart | AF89: ZAHWA | AI89: S2 | AJ89: S1 | AK89: S1 | AL89: S1 | AM89: S1 | AO89: S1 | AP89: S2 | AS89: S1 | AU89: S1
A90: 84 | B90: HOKUSAI | C90: COLOR BLOCK,IH,HM | D90: 180918402 | E90: Mixpart | AF90: ZAHWA | AJ90: S1 | AK90: S1 | AL90: S1 | AM90: S1 | AP90: S2 | AS90: S1
A91: 85 | B91: HOKUSAI | C91: COLOR BLOCK,IH,GP | D91: 180918302 | E91: Mixpart | AF91: ZAHWA | AJ91: S1 | AK91: S1 | AL91: S1 | AO91: S1 | AP91: S2 | AS91: S1 | AU91: S1
A92: 86 | B92: HOKUSAI | C92: COLOR BLOCK,IH,FT | D92: 180918202 | E92: Mixpart | AF92: ZAHWA | AJ92: S1 | AK92: S1 | AL92: S1 | AM92: S2 | AO92: S1 | AS92: S1 | AU92: S1
A93: 87 | B93: HOKUSAI | C93: COLOR BLOCK,IH,ER | D93: 180918102 | E93: Mixpart | AF93: ZAHWA | AK93: S1 | AL93: S1 | AM93: S2 | AO93: S1 | AS93: S1 | AU93: S1
A94: 88 | B94: HOKUSAI | C94: COLOR, BLOCK,IH,DK | D94: 180918002 | E94: Mixpart | AF94: ZAHWA | AJ94: S1 | AK94: S1 | AL94: S1 | AM94: S1 | AO94: S1 | AP94: S2 | AS94: S1 | AU94: S1
A95: 89 | B95: HOKUSAI | C95: COLOR BLOCK,IH,CQ | D95: 180917902 | E95: Mixpart | AF95: ZAHWA | AI95: S2 | AJ95: S1 | AL95: S1 | AM95: S1 | AO95: S2 | AS95: S1 | AU95: S2
A96: 90 | B96: HOKUSAI | C96: COLOR BLOK,IH,BS | D96: 180917802 | E96: Mixpart | AF96: ZAHWA | AI96: S2 | AJ96: S1 | AK96: S1 | AL96: S1 | AM96: S1 | AO96: S1 | AS96: S1 | AU96: S1
A97: 91 | B97: HOKUSAI | C97: COLOR BLOCK,IH,AN | D97: 180917702 | E97: Mixpart | AF97: ZAHWA | AI97: S2 | AJ97: S1 | AK97: S1 | AL97: S1 | AS97: S1
A98: 92 | B98: HOKUSAI | C98: COLOR BLOCK,IH,TE | D98: 180919602 | E98: Mixpart | AF98: ZAHWA | AJ98: S2 | AK98: S1 | AL98: S1 | AS98: S1
A99: 93 | B99: HOKUSAI | C99: COLOR BLOCK,IH,SB | D99: 180919502 | E99: Mixpart | AF99: ZAHWA | AJ99: S2 | AK99: S1 | AL99: S1
A100: 94 | B100: HOKUSAI | C100: COLOR BLOCK,IH,RC | D100: 180919402 | E100: Mixpart | AF100: ZAHWA | AL100: S1 | AO100: S2 | AS100: S1 | AU100: S2
A101: 95 | B101: HOKUSAI | C101: GUIDE,TRAY,FRONT,LEFT | D101: 180690102 | E101: Flash | AF101: AMEIA | AP101: S1
A102: 96 | B102: HOKUSAI | C102: FRAME,TOP,RIGHT | D102: 180671901 | E102: Flash | AF102: FINASI | AG102: S3 | AJ102: S1 | AK102: S1 | AL102: S2 | AM102: S2 | AO102: S1 | AU102: S1
...

Sheet Sheet1
C6: COVER,LOCK,SPINDLE,HOME | D6: 184432201
C7: COVER,RIGHT,BF | D7: 186816600
C8: COVER,SLOT,EDGE | D8: 189323201
C9: COVER,SLOT,LEFT;B | D9: 189381401
C10: COVER,TOP | D10: 187460004
C11: COVER,TOP;B | D11: 189323103
C12: COVER,TOP;B | D12: 189323105
C13: COVER,TOP;B | D13: 189323104
C14: COVER,TOP;B | D14: 189323101
C15: GUIDE,TRAY,FRONT,LEFT | D15: 180690102
C16: HOLDER,CABLE,CR,MSRW | D16: 127813800
C17: HOLDER,FFC,CIS,SC | D17: 179256801
... C24: TRAY,SUPPORT,REAR LOWER,CD,E,F1 | D24: 181575502
